Varenummer;Varenavn;Salgspris DKK
ST-001;Rib / vægknage;89,00
ST-002;Bue / knage;109,00
ST-003;Rib / dørknage;129,00
ST-004;Klem / poseclip;39,00
ST-005;Skrå / holder;79,00
ST-006;Tak / rensdyrfigur;119,00
ST-007;Svøb / spøgelsesfigur;89,00
ST-008;Sno / flexifigur;49,00
ST-009;Krible / flexifigur;29,00
ST-010;Juletryk / kageform;79,00
ST-011;Hjerte / billedholder;79,00
ST-012;Fold / mobilholder;69,00
ST-013;Nordisk sol og bue;399,00
ST-014;Nordisk kvindesilhuet;399,00
ST-015;Nordisk oliventræ;399,00
ST-016;Portræt med gyldent ekko;399,00
ST-017;Portræt under rød sol;399,00
ST-018;New Nordic / Banksy;399,00
ST-019;Måne over fjorden;399,00
